
--Clases
INSERT INTO tblClase VALUES('CL001', 'Tipo I')
INSERT INTO tblClase VALUES('CL002', 'Tipo II')
INSERT INTO tblClase VALUES('CL003', 'Tipo III')
INSERT INTO tblClase VALUES('CL004', 'Tipo IV')
INSERT INTO tblClase VALUES('CL005', 'Tipo V')

--Categoria

INSERT INTO tblCategoria VALUES('CA001', 'Categoria A')
INSERT INTO tblCategoria VALUES('CA002', 'Categoria B')
INSERT INTO tblCategoria VALUES('CA003', 'Categoria C')
INSERT INTO tblCategoria VALUES('CA004', 'Categoria D')
INSERT INTO tblCategoria VALUES('CA005', 'Categoria X')

--Transportista
INSERT INTO tblTransportista VALUES('10354628792', 'Rocío', 'Almogabar', 'Santos', 'Jr. Los Mangos 256', 'Femenino', '965328878', 'rociosantos@gmail.com')
INSERT INTO tblTransportista VALUES('10421318879', 'Angela Cristina', 'Flores', 'Libia', 'Av. Ferrocarril 911', 'Femenino', '985122313', 'angelacris@ibm.com')
INSERT INTO tblTransportista VALUES('10322787511', 'Jhordan Sax', 'Cordova', 'Poma', 'Jr. Julio C. Tello', 'Masculino', '913255899', 'jhordans@microsoft.com')
INSERT INTO tblTransportista VALUES('10335135889', 'Kevin Yeizon', 'Leon', 'Ozcanoa', 'Barrio Bravo 111', 'Masculino', '966588111', 'keviyei@gmail.com')
INSERT INTO tblTransportista VALUES('10651325888', 'Yosselin Lucia', 'De Lescano', 'Prado', 'Ica 155', 'Femenino', '932558741', 'yosseli@ibm.com')
INSERT INTO tblTransportista VALUES('10102909654', 'Brígida', 'Manso', 'Acosta', '7955 Paris Hill Ave.', 'Femenino', '923470536', 'brígidama@yahoo.com')
INSERT INTO tblTransportista VALUES('10315432498', 'Susana', 'Llano', 'Pujol', 'Clayton, NC 27520', 'Femenino', '922629617', 'susanall@gmail.com')
INSERT INTO tblTransportista VALUES('10742030565', 'Andrea', 'Pozo', 'Mate', '61 Albany St.', 'Femenino', '949392946', 'andreapo@ibm.com')
INSERT INTO tblTransportista VALUES('10309361652', 'Ileana', 'Altrina', 'Aller', 'Bay City, MI 48706', 'Femenino', '916323747', 'ileanaal@microsoft.com')
INSERT INTO tblTransportista VALUES('10199543231', 'Eulalia', 'Jimenez', 'Canals', '8477 SE. Windfall Rd.', 'Femenino', '939651283', 'eulaliaji@google.com')
INSERT INTO tblTransportista VALUES('10116313273', 'Ángeles', 'Cobo', 'Pla', 'Myrtle Beach, SC 29577', 'Femenino', '971045837', 'ángelesco@microsoft.com')
INSERT INTO tblTransportista VALUES('10716670052', 'Ascensión', 'Coll', 'Carballo', '8799 Hilltop St.', 'Femenino', '977088135', 'ascensiónco@ibm.com')
INSERT INTO tblTransportista VALUES('10694278118', 'Obdulia', 'Elorza', 'Haro', 'Norcross, GA 30092', 'Femenino', '974743910', 'obduliael@ibm.com')
INSERT INTO tblTransportista VALUES('10617303639', 'Brígida', 'Bermudez', 'Amores', '7995 Cross Ave.', 'Femenino', '993522789', 'brígidabe@microsoft.com')
INSERT INTO tblTransportista VALUES('10769042636', 'Calixta', 'Arévalo', 'Pujadas', 'Kennewick, WA 99337', 'Femenino', '963298857', 'calixtaar@microsoft.com')
INSERT INTO tblTransportista VALUES('10936888386', 'Cándida', 'Coello', 'Sevillano', '22 Howard Drive', 'Femenino', '936418409', 'cándidaco@ibm.com')
INSERT INTO tblTransportista VALUES('10114322173', 'Martirio', 'Priego', 'Hurtado', 'Bridgewater, NJ 08807', 'Femenino', '963834183', 'martiriopr@gmail.com')
INSERT INTO tblTransportista VALUES('10295076968', 'Eli', 'Moya', 'Palomar', '9249 10th Court', 'Femenino', '990920806', 'elimo@microsoft.com')
INSERT INTO tblTransportista VALUES('10466166900', 'Juliana', 'Lomache', 'Luís', 'Hephzibah, GA 30815', 'Femenino', '959859590', 'julianalo@microsoft.com')
INSERT INTO tblTransportista VALUES('10796607403', 'Consuela María', 'Vera', 'Maldonado', '7047 North King Dr.', 'Femenino', '978086464', 'consuelamaríave@google.com')
INSERT INTO tblTransportista VALUES('10839872305', 'Eligia', 'Lucena', 'Villanueva', 'Encino, CA 91316', 'Femenino', '977739164', 'eligialu@ibm.com')
INSERT INTO tblTransportista VALUES('10631122825', 'Palmira', 'Herranz', 'Morán', '91 West Ashley St.', 'Femenino', '920111646', 'palmirahe@google.com')
INSERT INTO tblTransportista VALUES('10540928055', 'Rosalina', 'Folch', 'Dianes', 'Glen Burnie, MD 21060', 'Femenino', '942260330', 'rosalinafo@yahoo.com')
INSERT INTO tblTransportista VALUES('10583280900', 'Candelaria', 'Izquierdo', 'Zurdo', '9484 Mammoth Ave.', 'Femenino', '980244787', 'candelariaiz@google.com')
INSERT INTO tblTransportista VALUES('10275122881', 'Dafne', 'Tolosa', 'Pains', 'Saint Petersburg, FL 33702', 'Femenino', '978444142', 'dafneto@ibm.com')
INSERT INTO tblTransportista VALUES('10582957779', 'Loreto', 'Mur', 'Lum', '501 Blue Spring Road', 'Femenino', '935673355', 'loretomu@ibm.com')
INSERT INTO tblTransportista VALUES('10371508119', 'Gertrudis', 'Torrecilla', 'Valverde', 'Newton, NJ 07860', 'Femenino', '937044775', 'gertrudisto@gmail.com')
INSERT INTO tblTransportista VALUES('10517418857', 'Narcisa', 'Falcón', 'Albero', '843 SE. Hudson St.', 'Femenino', '952174814', 'narcisafa@gmail.com')
INSERT INTO tblTransportista VALUES('10866752293', 'Rosario Carmen', 'Tomas', 'Anaya', 'Saint Augustine, FL 32084', 'Femenino', '947896176', 'rosariocarmento@ibm.com')
INSERT INTO tblTransportista VALUES('10634199637', 'Dionisia Ali', 'Valdés', 'Báez', '80 SW. Indian Summer St.', 'Femenino', '928771417', 'dionisiaaliva@microsoft.com')
INSERT INTO tblTransportista VALUES('10723238795', 'Atilio', 'Torralba', 'Ortega', 'Copperas Cove, TX 76522', 'Masculino', '999669148', 'atilioto@ibm.com')
INSERT INTO tblTransportista VALUES('10746993261', 'Albert Flavio', 'Linares', 'Solsona', '17 Bear Hill Drive', 'Masculino', '946629407', 'albertflavioli@gmail.com')
INSERT INTO tblTransportista VALUES('10272922426', 'Martín', 'Moraleda', 'Botella', 'Covington, GA 30014', 'Masculino', '950810578', 'martínmo@google.com')
INSERT INTO tblTransportista VALUES('10184711475', 'Fabio', 'Asensio', 'Sosa', '710 Roosevelt St.', 'Masculino', '975509282', 'fabioas@yahoo.com')
INSERT INTO tblTransportista VALUES('10412831468', 'Alonso', 'Sureda', 'Almeida', 'Marshalltown, IA 50158', 'Masculino', '936572165', 'alonsosu@microsoft.com')
INSERT INTO tblTransportista VALUES('10878292975', 'Juan Francisco', 'Dalmau', 'Elías', '9953 Tailwater Road', 'Masculino', '948272893', 'juanfranciscoda@google.com')
INSERT INTO tblTransportista VALUES('10172538969', 'Natanael', 'Leiva', 'Cervera', 'Rowlett, TX 75088', 'Masculino', '959455510', 'natanaelle@google.com')
INSERT INTO tblTransportista VALUES('10613365014', 'Juan', 'Antonio', 'Cózar', '9611 Proctor St.', 'Masculino', '925224223', 'juanan@ibm.com')
INSERT INTO tblTransportista VALUES('10313376100', 'Segismundo', 'Sedano', 'Sidan', 'Union City, NJ 07087', 'Masculino', '913689473', 'segismundose@gmail.com')
INSERT INTO tblTransportista VALUES('10249275027', 'Nando', 'Ortiz', 'Cárdenas', '272 Valley Farms St.', 'Masculino', '997296757', 'nandoor@microsoft.com')
INSERT INTO tblTransportista VALUES('10486240503', 'Segismundo', 'Pozo', 'Cueva', 'Willoughby, OH 44094', 'Masculino', '982048146', 'segismundopo@microsoft.com')
INSERT INTO tblTransportista VALUES('10269123090', 'Andrés', 'Felipe', 'Cano', '838 Rockledge St.', 'Masculino', '955517925', 'andrésfe@google.com')
INSERT INTO tblTransportista VALUES('10566938258', 'Cornelio', 'Pinto', 'Viña', 'Potomac, MD 20854', 'Masculino', '971828584', 'corneliopi@gmail.com')
INSERT INTO tblTransportista VALUES('10478664660', 'Osvaldo Humberto', 'Ojeda', 'Valle', '8234 Pulaski Lane', 'Masculino', '946423171', 'osvaldohumbertooj@ibm.com')
INSERT INTO tblTransportista VALUES('10187688928', 'Abilio', 'Vara', 'López', 'Hallandale, FL 33009', 'Masculino', '954592321', 'abiliova@microsoft.com')
INSERT INTO tblTransportista VALUES('10938453491', 'José Ángel', 'Badía', 'Bellido', '7816 North Street', 'Masculino', '939363826', 'joséángelba@yahoo.com')
INSERT INTO tblTransportista VALUES('10266265410', 'Vicente', 'Blanca', 'Solsona', 'Dorchester Center, MA 02124', 'Masculino', '973118143', 'vicentebl@ibm.com')
INSERT INTO tblTransportista VALUES('10174799453', 'Elías', 'Miguel', 'Padilla', '515 Longfellow St.', 'Masculino', '982790540', 'elíasmi@yahoo.com')
INSERT INTO tblTransportista VALUES('10150876263', 'Poncio', 'Guillen', 'Lucena', 'New Britain, CT 06051', 'Masculino', '926819085', 'ponciogu@gmail.com')
INSERT INTO tblTransportista VALUES('10922668954', 'Angelino', 'Alcolea', 'Izquierdo', '351 Yukon Ave.', 'Masculino', '953865148', 'angelinoal@ibm.com')
INSERT INTO tblTransportista VALUES('10891832865', 'Cruz', 'Alcázar', 'Mínguez', 'Crystal Lake, IL 60014', 'Masculino', '960094952', 'cruzal@yahoo.com')
INSERT INTO tblTransportista VALUES('10156635604', 'Juan Antonio', 'Segarra', 'Maza', '468 Boston Road', 'Masculino', '922431438', 'juanantoniose@gmail.com')
INSERT INTO tblTransportista VALUES('10597701710', 'Leonel', 'Navarro', 'Tamayo', 'Hackettstown, NJ 07840', 'Masculino', '976569285', 'leonelna@google.com')
INSERT INTO tblTransportista VALUES('10593585230', 'Augusto', 'Marcos', 'Noguera', '76 West Iroquois Avenue', 'Masculino', '978510097', 'augustoma@yahoo.com')
INSERT INTO tblTransportista VALUES('10716507882', 'Arturo Fortunato', 'Soler', 'Leiva', 'Sandusky, OH 44870', 'Masculino', '920920052', 'arturofortunatoso@ibm.com')

--Proveedor
INSERT INTO tblProveedor VALUES('20154789652', 'Bayer S.A.', 'Av. Calmell del Solar. Arg', '922233456', 'beyer@gmail.com')
INSERT INTO tblProveedor VALUES('20125698423', 'Merck', 'Jr. Vidal 1895- Mzn 12', '911123465', 'merck@gmail.com')
INSERT INTO tblProveedor VALUES('20147895436', 'GSK', 'Street Collins 3254', '977854351', 'gsk@gmail.com')
INSERT INTO tblProveedor VALUES('20369875462', 'Roche', 'Calle Sao Paulo S/N TR', '990997854', 'roche@gmail.com')
INSERT INTO tblProveedor VALUES('20784532987', 'Celgene', 'Av. Justicia. 48751 DNS', '955422140', 'celgene@gmail.com')
INSERT INTO tblProveedor VALUES('20599046167', 'Rapidiagnostics S.A.C.', '7752 E. Rockaway Drive', '919061839', 'rapidia@ibm.com')
INSERT INTO tblProveedor VALUES('20576080306', 'Plenno Peru', 'Fort Myers, FL 33905', '970390285', 'plenno@ibm.com')
INSERT INTO tblProveedor VALUES('20547462693', 'Mased Representaciones S.A.C.', '546 Clay Street', '996566137', 'masedr@gmail.com')
INSERT INTO tblProveedor VALUES('20653352521', 'Ipc Associates', 'Waynesboro, PA 17268', '927578280', 'ipcass@google.com')
INSERT INTO tblProveedor VALUES('20787445914', 'Dicar Logistic, Almacén Con Bpa', '557 Creek St.', '993127912', 'dicarl@microsoft.com')
INSERT INTO tblProveedor VALUES('20811799671', 'Centro Médico Amc', 'Kansas City, MO 64151', '986669090', 'centro@microsoft.com')
INSERT INTO tblProveedor VALUES('20567326396', 'Amelife Llc', '8399 Corona Road', '910801071', 'amelife@yahoo.com')
INSERT INTO tblProveedor VALUES('20278974625', 'A. Tarrillo Barba S.A.', 'Tuscaloosa, AL 35405', '955459713', 'a.tarr@microsoft.com')
INSERT INTO tblProveedor VALUES('20374168653', 'Dt Comunity E.i.r.l.', '849 SW. Crescent Street', '999150478', 'dtcomu@microsoft.com')
INSERT INTO tblProveedor VALUES('20838566152', 'Drogueria Mym S.A.C', 'Detroit, MI 48205', '946869370', 'droguer@microsoft.com')
INSERT INTO tblProveedor VALUES('20105317812', 'Corporación Castillo', '166 Wagon Avenue', '937266465', 'corpora@google.com')
INSERT INTO tblProveedor VALUES('20960667853', 'Audiomax S.A.C', 'Cleveland, TN 37312', '953244420', 'audioma@google.com')
INSERT INTO tblProveedor VALUES('20720698889', 'Medisonic S.A.C.', '65 Bow Ridge Rd.', '946833354', 'medison@ibm.com')
INSERT INTO tblProveedor VALUES('20401118389', 'Laboratorio Cemedic S.A.C', 'Linden, NJ 07036', '919190678', 'laborat@microsoft.com')
INSERT INTO tblProveedor VALUES('20960908037', 'Jc Medical Supplies S.A.C', '413 Ridgeview St.', '983517378', 'jcmedi@microsoft.com')
INSERT INTO tblProveedor VALUES('20364793417', 'Jampar Multiplest Internacional', 'Statesville, NC 28625', '976925677', 'jampar@google.com')
INSERT INTO tblProveedor VALUES('20288879969', 'Ghs Peru', '805 Country Club Court', '992448821', 'ghsper@google.com')
INSERT INTO tblProveedor VALUES('20246317480', 'Farmacia Universal', 'Wake Forest, NC 27587', '943450447', 'farmaci@google.com')
INSERT INTO tblProveedor VALUES('20581397886', '3M Peru S.A.', '467 Harvard Street', '955686564', '3mperu@google.com')
INSERT INTO tblProveedor VALUES('20345546617', 'Advantage Medical Sociedad Anonima Cerrada', 'Abingdon, MD 21009', '929288705', 'advanta@gmail.com')

--Asistente
INSERT INTO tblAsistente VALUES('10222111338', 'Joseph Lee', 'Leiva', 'Orga', 'Masculino', '911235526', 'edward123@gmail.com')
INSERT INTO tblAsistente VALUES('10111444778', 'Dayanna Lora', 'Lopez', 'Carrion', 'Femenino', '924477896', 'dayan13dc@ibm.com')
INSERT INTO tblAsistente VALUES('10363698974', 'Hernan Dell', 'Casallo', 'Vergara', 'Masculino', '963336587', 'hernancass@microsoft.com')
INSERT INTO tblAsistente VALUES('10122355877', 'Débora', 'Dora', 'Cardenas', 'Femenino', '956663211', 'deborotodo@gmail.com')
INSERT INTO tblAsistente VALUES('10323258879', 'Giselle Luci', 'Castillo', 'García', 'Femenino', '96654781', 'castillogano@ibm.com')
INSERT INTO tblAsistente VALUES('10843477570', 'Eva Gelion', 'Blasco', 'Jiménez', 'Femenino', '950059629', 'evagelionbl@yahoo.com')
INSERT INTO tblAsistente VALUES('10829753453', 'Elena Dulce', 'Cid', 'Sabater', 'Femenino', '928891090', 'elenadulceci@google.com')
INSERT INTO tblAsistente VALUES('10698271393', 'Gala', 'Dueñas', 'Núñez', 'Femenino', '977340339', 'galadu@gmail.com')
INSERT INTO tblAsistente VALUES('10681674098', 'Fanny Flor', 'Milla', 'Gámez', 'Femenino', '966888510', 'fannyflormi@ibm.com')
INSERT INTO tblAsistente VALUES('10634463432', 'Teresita', 'Navas', 'Polisa', 'Femenino', '967332761', 'teresitana@microsoft.com')
INSERT INTO tblAsistente VALUES('10674650817', 'María Manuela', 'Melero', 'Mayol', 'Femenino', '948400042', 'maríamanuelame@microsoft.com')
INSERT INTO tblAsistente VALUES('10866777658', 'Gema', 'Viña', 'Marín', 'Femenino', '911903302', 'gemavi@yahoo.com')
INSERT INTO tblAsistente VALUES('10587352320', 'Vilma', 'Redondo', 'Bilbao', 'Femenino', '983911112', 'vilmare@yahoo.com')
INSERT INTO tblAsistente VALUES('10104814064', 'Gracia', 'Molins', 'Requena', 'Femenino', '921437929', 'graciamo@yahoo.com')
INSERT INTO tblAsistente VALUES('10324621888', 'Valentina', 'Pastor', 'Crud', 'Femenino', '989502119', 'valentinapa@gmail.com')
INSERT INTO tblAsistente VALUES('10357010737', 'Valentina Azucena', 'Guerrero', 'Sola', 'Femenino', '918061428', 'valentinaazucenagu@microsoft.com')
INSERT INTO tblAsistente VALUES('10338820797', 'José', 'Calderón', 'Río', 'Femenino', '925928019', 'joséca@gmail.com')
INSERT INTO tblAsistente VALUES('10425347266', 'Marita', 'Alfonso', 'Castell', 'Femenino', '937323090', 'maritaal@yahoo.com')
INSERT INTO tblAsistente VALUES('10104187259', 'Esmeralda', 'Solís', 'Amapi', 'Femenino', '989080778', 'esmeraldaso@yahoo.com')
INSERT INTO tblAsistente VALUES('10865878499', 'Violeta Tamara', 'Castillo', 'Gimenez', 'Femenino', '975978174', 'violetatamaraca@gmail.com')
INSERT INTO tblAsistente VALUES('10931509559', 'María Cristina', 'Milagros', 'Ricart', 'Femenino', '958230665', 'maríacristinami@microsoft.com')
INSERT INTO tblAsistente VALUES('10483122818', 'Isabel', 'Marco', 'Blasco', 'Femenino', '960353527', 'isabelma@microsoft.com')
INSERT INTO tblAsistente VALUES('10793467915', 'Miriam', 'Montaña', 'Ortuño', 'Femenino', '920352917', 'miriammo@microsoft.com')
INSERT INTO tblAsistente VALUES('10333956659', 'Cayetana Viviana', 'Velázquez', 'Almazán', 'Femenino', '998441292', 'cayetanavivianave@google.com')
INSERT INTO tblAsistente VALUES('10233160145', 'Hortensia', 'Herrera', 'Díaz', 'Femenino', '958768193', 'hortensiahe@microsoft.com')
INSERT INTO tblAsistente VALUES('10672424994', 'Paz', 'Parejo', 'Olivera', 'Femenino', '927373815', 'pazpa@google.com')
INSERT INTO tblAsistente VALUES('10100238408', 'Albina', 'Zorrilla', 'Domingo', 'Femenino', '923428727', 'albinazo@yahoo.com')
INSERT INTO tblAsistente VALUES('10814033891', 'Paz', 'Español', 'Catalán', 'Femenino', '945168438', 'pazes@gmail.com')
INSERT INTO tblAsistente VALUES('10495501508', 'Custodia', 'Luz', 'Peñas', 'Femenino', '959801093', 'custodialu@ibm.com')
INSERT INTO tblAsistente VALUES('10262372594', 'Bárbara', 'Criado', 'Lorem', 'Femenino', '923671138', 'bárbaracr@ibm.com')
INSERT INTO tblAsistente VALUES('10410062975', 'José', 'Luis', 'Bárcena', 'Masculino', '983880364', 'josélu@gmail.com')
INSERT INTO tblAsistente VALUES('10782688375', 'Jose', 'Ignacio', 'Bernad', 'Masculino', '929468711', 'joseig@gmail.com')
INSERT INTO tblAsistente VALUES('10223408710', 'Alfonso', 'Marí', 'Sevilla', 'Masculino', '999484796', 'alfonsoma@gmail.com')
INSERT INTO tblAsistente VALUES('10902995302', 'Teobaldo', 'Domingo', 'Morán', 'Masculino', '992343844', 'teobaldodo@ibm.com')
INSERT INTO tblAsistente VALUES('10552484047', 'Cornelio', 'Cuole', 'Díez', 'Masculino', '991252262', 'corneliocu@gmail.com')
INSERT INTO tblAsistente VALUES('10371234022', 'Abel', 'Llanos', 'Álamo', 'Masculino', '957012113', 'abelll@gmail.com')
INSERT INTO tblAsistente VALUES('10679709839', 'Nilo', 'Parra', 'Atahualpa', 'Masculino', '953967405', 'nilopa@yahoo.com')
INSERT INTO tblAsistente VALUES('10582327253', 'Feliciano', 'Casal', 'Murcia', 'Masculino', '927818721', 'felicianoca@microsoft.com')
INSERT INTO tblAsistente VALUES('10261038836', 'Adrián Pol', 'Ariño', 'Magro', 'Masculino', '995173772', 'adriánpolar@google.com')
INSERT INTO tblAsistente VALUES('10638617671', 'Luis Miguel', 'Aragonés', 'Galan', 'Masculino', '926465880', 'luismiguelar@yahoo.com')
INSERT INTO tblAsistente VALUES('10807311064', 'Iván', 'Sáenz', 'Cortes', 'Masculino', '960811495', 'ivánsá@ibm.com')
INSERT INTO tblAsistente VALUES('10941799137', 'Ismael', 'Raya', 'Bilbao', 'Masculino', '943395769', 'ismaelra@microsoft.com')
INSERT INTO tblAsistente VALUES('10393272668', 'Danilo', 'Granados', 'Ordóñez', 'Masculino', '932791012', 'danilogr@microsoft.com')
INSERT INTO tblAsistente VALUES('10488774083', 'Chus', 'Roura', 'Limache', 'Masculino', '985867634', 'chusro@google.com')
INSERT INTO tblAsistente VALUES('10966643018', 'Sandalio', 'Antón', 'Lloret', 'Masculino', '938553499', 'sandalioan@microsoft.com')
INSERT INTO tblAsistente VALUES('10494033325', 'Godofredo', 'Carrera', 'Alemany', 'Masculino', '930807417', 'godofredoca@gmail.com')
INSERT INTO tblAsistente VALUES('10932535942', 'Valentín', 'Nogueira', 'Olivé', 'Masculino', '973114539', 'valentínno@ibm.com')
INSERT INTO tblAsistente VALUES('10964147428', 'Patricio', 'Manjón', 'Osuna', 'Masculino', '970010078', 'patricioma@microsoft.com')
INSERT INTO tblAsistente VALUES('10404136427', 'Adrián', 'Vila', 'Alemany', 'Masculino', '990139299', 'adriánvi@microsoft.com')
INSERT INTO tblAsistente VALUES('10172277689', 'Aarón', 'Benítez', 'Diez', 'Masculino', '916854608', 'aarónbe@gmail.com')
INSERT INTO tblAsistente VALUES('10216222028', 'Américo', 'Valverde', 'Guardia', 'Masculino', '996310905', 'américova@gmail.com')
INSERT INTO tblAsistente VALUES('10935390322', 'Miguel', 'Ángel', 'Pineda', 'Masculino', '949012097', 'miguelán@ibm.com')
INSERT INTO tblAsistente VALUES('10742567231', 'Santos', 'Tena', 'Paredes', 'Masculino', '912321108', 'santoste@ibm.com')
INSERT INTO tblAsistente VALUES('10251339138', 'Lázaro', 'Salcedo', 'Carrasco', 'Masculino', '995096870', 'lázarosa@microsoft.com')
INSERT INTO tblAsistente VALUES('10446186715', 'Francisco Jose', 'Coronado', 'Torre', 'Masculino', '989682268', 'franciscojoseco@google.com')

--Medicamento
INSERT INTO tblMedicamento VALUES('MED0001', 'Paracetamol', 355, 'CA001')
INSERT INTO tblMedicamento VALUES('MED0002', 'Diazepam', 35, 'CA002')
INSERT INTO tblMedicamento VALUES('MED0003', 'Cetiricina', 101, 'CA003')
INSERT INTO tblMedicamento VALUES('MED0004', 'Naproxeno', 100, 'CA003')
INSERT INTO tblMedicamento VALUES('MED0005', 'Ibuprofeno', 80, 'CA005')
INSERT INTO tblMedicamento VALUES('MED0006', 'INFLUVAC VACUNA ANTI - INFLUENZA SUSPENSIÓN INYECTABLE', 210, 'CA004')
INSERT INTO tblMedicamento VALUES('MED0007', 'BACITOPIC UNGÜENTO DÉRMICO', 320, 'CA001')
INSERT INTO tblMedicamento VALUES('MED0008', 'FLUAD VACUNA ANTIGRIPAL SUSPENSIÓN INYECTABLE', 85, 'CA002')
INSERT INTO tblMedicamento VALUES('MED0009', 'GC-FLU VACUNA ANTIINFLUENZA INACTIVADA, FRACCIONADA SUSPENSIÓN INYECTABLE', 348, 'CA001')
INSERT INTO tblMedicamento VALUES('MED0010', 'GC-FLU PEDIÁTRICA  VACUNA ANTIINFLUENZA  INACTIVADA FRACCIONADA SUSPENSIÓN INYECTABLE', 463, 'CA004')
INSERT INTO tblMedicamento VALUES('MED0011', 'FLUAZUR PEDIÁTRICO VACUNA ANTIINFLUENZA INACTIVADA SUSPENSIÓN INYECTABLE', 310, 'CA004')
INSERT INTO tblMedicamento VALUES('MED0012', 'BIOVAC-FLU VACUNA ANTIFLUENZA FRACCIONADA INACTIVADA SUSPENSIÓN INYECTABLE', 16, 'CA004')
INSERT INTO tblMedicamento VALUES('MED0013', 'VAXIGRIP VACUNA ANTIINFLUENZA INACTIVADA SUSPENSIÓN INYECTABLE', 482, 'CA004')
INSERT INTO tblMedicamento VALUES('MED0014', 'VAXIGRIP PEDIÁTRICO VACUNA ANTIINFLUENZA INACTIVADA SUSPENSIÓN INYECTABLE', 197, 'CA004')
INSERT INTO tblMedicamento VALUES('MED0015', 'DERMABIÓTICO UNGÜENTO DÉRMICO', 77, 'CA003')
INSERT INTO tblMedicamento VALUES('MED0016', 'PERENTERYL PEDIÁTRICO POLVO LIOFILIZADO PARA USO ORAL 250 mg', 49, 'CA003')
INSERT INTO tblMedicamento VALUES('MED0017', 'PERENTERYL CÁPSULAS 250 mg', 127, 'CA004')
INSERT INTO tblMedicamento VALUES('MED0018', 'DENTILIM SOLUCIÓN PARA COLUTORIO 0,1%', 268, 'CA003')
INSERT INTO tblMedicamento VALUES('MED0019', 'GESIDOL SUPOSITORIOS INFANTILES 125 mg', 376, 'CA001')
INSERT INTO tblMedicamento VALUES('MED0020', 'DIPROBASE CREMA TÓPICA', 452, 'CA002')
INSERT INTO tblMedicamento VALUES('MED0021', 'DIPROBASE LOCIÓN TÓPICA', 208, 'CA001')
INSERT INTO tblMedicamento VALUES('MED0022', 'UNGÜENTO ALCANFORADO', 256, 'CA003')
INSERT INTO tblMedicamento VALUES('MED0023', 'AGUA PARA INYECTABLES', 165, 'CA005')
INSERT INTO tblMedicamento VALUES('MED0024', 'POLVOS ALCALINOS VOLTA', 164, 'CA001')
INSERT INTO tblMedicamento VALUES('MED0025', 'DISGREN COMPRIMIDOS DE LIBERACIÓN PROLONGADA 100 mg', 235, 'CA004')
INSERT INTO tblMedicamento VALUES('MED0026', 'DICHLOREXAN SOLUCIÓN TÓPICA  2 %', 315, 'CA005')
INSERT INTO tblMedicamento VALUES('MED0027', 'FAXET SOLUCIÓN TÓPICA', 455, 'CA002')
INSERT INTO tblMedicamento VALUES('MED0028', 'FRESCANSOL POLVO', 307, 'CA001')
INSERT INTO tblMedicamento VALUES('MED0029', 'TEF-C COMPRIMIDOS EFERVESCENTES 1 g', 480, 'CA004')
INSERT INTO tblMedicamento VALUES('MED0030', 'TEF-C COMPRIMIDOS EFERVESCENTES 2 g', 254, 'CA005')
INSERT INTO tblMedicamento VALUES('MED0031', 'NOSCAPINA MAS ÁCIDO ASCÓRBICO JARABE', 101, 'CA005')
INSERT INTO tblMedicamento VALUES('MED0032', 'PARACETAMOL SUPOSITORIOS 125 mg', 396, 'CA004')
INSERT INTO tblMedicamento VALUES('MED0033', 'A Y R EMULSIÓN DÉRMICA 5%', 353, 'CA005')
INSERT INTO tblMedicamento VALUES('MED0034', 'AYR CON UREA EMULSIÓN TÓPICA 10%', 69, 'CA001')
INSERT INTO tblMedicamento VALUES('MED0035', 'AYREMENTOL LOCIÓN TÓPICA', 177, 'CA001')
INSERT INTO tblMedicamento VALUES('MED0036', 'DURASOLETS UNGÜENTO OFTÁLMICO', 82, 'CA003')
INSERT INTO tblMedicamento VALUES('MED0037', 'GELSOLETS GEL OFTÁLMICO', 185, 'CA003')
INSERT INTO tblMedicamento VALUES('MED0038', 'TETRIZOLINA CLORHIDRATO SOLUCIÓN OFTÁLMICA 0,05%', 462, 'CA002')
INSERT INTO tblMedicamento VALUES('MED0039', 'CORPADEN COMPRIMIDOS', 471, 'CA005')
INSERT INTO tblMedicamento VALUES('MED0040', 'BROMHEXINA CLORHIDRATO JARABE 8 mg/5 mL', 76, 'CA002')
INSERT INTO tblMedicamento VALUES('MED0041', 'BROMHEXINA CLORHIDRATO JARABE 4 mg/5 mL', 331, 'CA003')
INSERT INTO tblMedicamento VALUES('MED0042', 'BBDENT GEL TÓPICO 7,5%', 115, 'CA003')
INSERT INTO tblMedicamento VALUES('MED0043', 'CARISTOP COMPUESTO PASTA DENTAL BIFLUORADA', 465, 'CA005')
INSERT INTO tblMedicamento VALUES('MED0044', 'CLORHEXIDINA GLUCONATO SOLUCIÓN TÓPICA 4%', 274, 'CA002')
INSERT INTO tblMedicamento VALUES('MED0045', 'DOLORUB CREMA TÓPICA 5%', 373, 'CA003')
INSERT INTO tblMedicamento VALUES('MED0046', 'ADFEN COMPRIMIDOS RECUBIERTOS 200 mg', 206, 'CA005')
INSERT INTO tblMedicamento VALUES('MED0047', 'ORALGENE COLUTORIO 0,12%', 163, 'CA005')
INSERT INTO tblMedicamento VALUES('MED0048', 'ORALGENE POLVO PARA SOLUCIÓN BUCAL', 121, 'CA003')
INSERT INTO tblMedicamento VALUES('MED0049', 'ORALGENE CON XILITOL COMPRIMIDOS MASTICABLES 5 mg', 321, 'CA001')
INSERT INTO tblMedicamento VALUES('MED0050', 'PROCTOGEL CREMA TÓPICA', 430, 'CA002')
INSERT INTO tblMedicamento VALUES('MED0051', 'TAPSIN COMPRIMIDOS', 5, 'CA003')
INSERT INTO tblMedicamento VALUES('MED0052', 'TAPSIN COMPUESTO POLVO PARA SOLUCIÓN ORAL EN SOBRES', 498, 'CA002')
INSERT INTO tblMedicamento VALUES('MED0053', 'TAPSIN SIN CAFEÍNA PERÍODO MENSTRUAL COMPRIMIDOS', 377, 'CA002')
INSERT INTO tblMedicamento VALUES('MED0054', 'PARACETAMOL MAS CAFEÍNA CÁPSULAS BLANDAS', 412, 'CA003')
INSERT INTO tblMedicamento VALUES('MED0055', 'ARTREN GEL DÉRMICO 1%', 489, 'CA003')
INSERT INTO tblMedicamento VALUES('MED0056', 'CEBION 1000 COMPRIMIDOS EFERVESCENTES 1 g', 440, 'CA005')
INSERT INTO tblMedicamento VALUES('MED0057', 'CEBION 2000 COMPRIMIDOS EFERVESCENTES 2 g', 231, 'CA004')
INSERT INTO tblMedicamento VALUES('MED0058', 'CEBION CALCIO COMPRIMIDOS EFERVESCENTES', 406, 'CA004')
INSERT INTO tblMedicamento VALUES('MED0059', 'NEUROBIONTA COMPRIMIDOS RECUBIERTOS', 269, 'CA002')
INSERT INTO tblMedicamento VALUES('MED0060', 'NUTRIZIMA GRAGEAS', 55, 'CA002')
INSERT INTO tblMedicamento VALUES('MED0061', 'ARTREN GEL DÉRMICO 1%', 100, 'CA003')
INSERT INTO tblMedicamento VALUES('MED0062', 'FELDENE GEL TÓPICO 0,5%', 370, 'CA003')
INSERT INTO tblMedicamento VALUES('MED0063', 'CEBION SOLUCIÓN PARA GOTAS ORALES', 91, 'CA004')
INSERT INTO tblMedicamento VALUES('MED0064', 'CEBION CÁLCICO COMPRIMIDOS EFERVESCENTES', 4, 'CA004')
INSERT INTO tblMedicamento VALUES('MED0065', 'VISINE SOLUCIÓN OFTÁLMICA 0,5 mg/mL', 313, 'CA005')
INSERT INTO tblMedicamento VALUES('MED0066', 'LEFKACID COMPRIMIDOS', 213, 'CA004')
INSERT INTO tblMedicamento VALUES('MED0067', 'ILIADIN SOLUCIÓN OFTÁLMICA', 47, 'CA004')
INSERT INTO tblMedicamento VALUES('MED0068', 'SALUBION JARABE', 28, 'CA004')
INSERT INTO tblMedicamento VALUES('MED0069', 'OBLEAS CHINAS LI-WU-PAT', 392, 'CA001')
INSERT INTO tblMedicamento VALUES('MED0070', 'PECTOVER JARABE', 169, 'CA001')
INSERT INTO tblMedicamento VALUES('MED0071', 'CONMEL COMPRIMIDOS 324 mg', 43, 'CA002')
INSERT INTO tblMedicamento VALUES('MED0072', 'PANADOL COMPRIMIDOS MASTICABLES 160 mg', 430, 'CA005')
INSERT INTO tblMedicamento VALUES('MED0073', 'PANADOL ADULTOS PLUS COMPRIMIDOS RECUBIERTOS', 408, 'CA004')
INSERT INTO tblMedicamento VALUES('MED0074', 'PANADOL COMPRIMIDOS EFERVESCENTES 500 mg', 459, 'CA002')
INSERT INTO tblMedicamento VALUES('MED0075', 'CONMEL SUPOSITORIOS 300 mg', 385, 'CA004')
INSERT INTO tblMedicamento VALUES('MED0076', 'IBUEVANOL COMPRIMIDOS RECUBIERTOS 200 mg', 274, 'CA003')
INSERT INTO tblMedicamento VALUES('MED0077', 'ECOTRIN COMPRIMIDOS CON RECUBRIMIENTO ENTÉRICO 100 mg', 368, 'CA001')
INSERT INTO tblMedicamento VALUES('MED0078', 'ALCOLEX SOLUCIÓN TÓPICA 0,1%', 287, 'CA002')
INSERT INTO tblMedicamento VALUES('MED0079', 'CALCIO CM COMPRIMIDOS MASTICABLES', 280, 'CA001')
INSERT INTO tblMedicamento VALUES('MED0080', 'TRIMAX COMPRIMIDOS', 380, 'CA003')
INSERT INTO tblMedicamento VALUES('MED0081', 'MULTIVITAMÍNICO CON MINERALES COMPRIMIDOS RECUBIERTOS', 474, 'CA003')
INSERT INTO tblMedicamento VALUES('MED0082', 'ZINCOVIT COMPRIMIDOS RECUBIERTOS', 456, 'CA003')
INSERT INTO tblMedicamento VALUES('MED0083', 'LECHE DE MAGNESIA PHILLIPS REGULAR', 14, 'CA003')
INSERT INTO tblMedicamento VALUES('MED0084', 'ÁCIDO ASCÓRBICO COMPRIMIDOS MASTICABLES 100 mg', 61, 'CA001')
INSERT INTO tblMedicamento VALUES('MED0085', 'ÁCIDO ASCÓRBICO COMPRIMIDOS MASTICABLES 500 mg', 190, 'CA003')
INSERT INTO tblMedicamento VALUES('MED0086', 'TOCALM PEDIÁTRICO JARABE 15 mg/5 mL', 279, 'CA004')
INSERT INTO tblMedicamento VALUES('MED0087', 'MERPAL GEL TÓPICO 1,16%', 152, 'CA004')
INSERT INTO tblMedicamento VALUES('MED0088', 'TOCALM ADULTO JARABE 30 mg/5 mL', 320, 'CA003')
INSERT INTO tblMedicamento VALUES('MED0089', 'CLARAGINE COMPRIMIDOS', 144, 'CA001')
INSERT INTO tblMedicamento VALUES('MED0090', 'GASOPAX COMPRIMIDOS MASTICABLES', 413, 'CA003')
INSERT INTO tblMedicamento VALUES('MED0091', 'AGUA PARA INYECTABLES', 130, 'CA003')
INSERT INTO tblMedicamento VALUES('MED0092', 'VASELINA ESTÉRIL ACEITE TÓPICO', 394, 'CA005')
INSERT INTO tblMedicamento VALUES('MED0093', 'CALADRYL CLEAR LOCIÓN TÓPICA', 479, 'CA005')
INSERT INTO tblMedicamento VALUES('MED0094', 'CAPRIMIDA COMPRIMIDOS RECUBIERTOS 500 mg', 192, 'CA003')
INSERT INTO tblMedicamento VALUES('MED0095', 'CAPRIMIDA - D COMPRIMIDOS RECUBIERTOS', 203, 'CA005')
INSERT INTO tblMedicamento VALUES('MED0096', 'NIOFEN FORTE SUSPENSIÓN ORAL 200 mg/5 mL', 277, 'CA003')
INSERT INTO tblMedicamento VALUES('MED0097', 'NIOFEN SUSPENSIÓN ORAL 100 mg/5 mL', 179, 'CA003')
INSERT INTO tblMedicamento VALUES('MED0098', 'PARACETAMOL SOLUCIÓN GOTAS ORALES 100 mg/mL', 485, 'CA002')
INSERT INTO tblMedicamento VALUES('MED0099', 'PURSENID GRAGEAS', 173, 'CA005')
INSERT INTO tblMedicamento VALUES('MED0100', 'AMBROTOS JARABE 15 mg/5 mL', 363, 'CA003')
INSERT INTO tblMedicamento VALUES('MED0101', 'ARMONYL CÁPSULAS BLANDAS', 99, 'CA002')
INSERT INTO tblMedicamento VALUES('MED0102', 'ARMONYL COMPUESTO SOLUCIÓN ORAL PARA GOTAS', 358, 'CA005')
INSERT INTO tblMedicamento VALUES('MED0103', 'FIBRASOL SABOR A NARANJA POLVO 68%', 44, 'CA002')
INSERT INTO tblMedicamento VALUES('MED0104', 'ARMONYL SIN CRATAEGUS CON MANZANILLA CÁPSULAS BLANDAS', 171, 'CA003')

--Equipo Medico
INSERT INTO tblEquipoMedico VALUES('EQUI0001', 'Ultrasonido', 3, 'CL004')
INSERT INTO tblEquipoMedico VALUES('EQUI0002', 'Respirador Artificial', 28, 'CL002')
INSERT INTO tblEquipoMedico VALUES('EQUI0003', 'Equipo Rayos X', 2, 'CL003')
INSERT INTO tblEquipoMedico VALUES('EQUI0004', 'Estabilizador de Tensión', 56, 'CL001')
INSERT INTO tblEquipoMedico VALUES('EQUI0005', 'Esterilizador', 150, 'CL001')
INSERT INTO tblEquipoMedico VALUES('EQUI0006', 'Levanta Muertos', 10, 'CL002')
INSERT INTO tblEquipoMedico VALUES('EQUI0007', 'Buretras Infrainflamables', 80, 'CL003')
INSERT INTO tblEquipoMedico VALUES('EQUI0008', 'Valvulas Respiratorias', 44, 'CL004')
INSERT INTO tblEquipoMedico VALUES('EQUI0009', 'Frigerador', 6, 'CL005')
INSERT INTO tblEquipoMedico VALUES('EQUI0010', 'Electroshock', 2, 'CL005')

--Pedido
INSERT INTO tblPedido VALUES('PED00001', 4908.95, 883.61, '2015-12-08', '2016-01-11', '10593585230', '20369875462', '10634463432')
INSERT INTO tblPedido VALUES('PED00002', 855.77, 154.04, '2014-05-16', '2014-05-25', '10269123090', '20147895436', '10552484047')
INSERT INTO tblPedido VALUES('PED00003', 1582.36, 248.83, '2012-05-25', '2012-06-15', '10172538969', '20811799671', '10793467915')
INSERT INTO tblPedido VALUES('PED00004', 1883.5, 339.03, '2020-03-17', '2020-03-21', '10354628792', '20278974625', '10495501508')
INSERT INTO tblPedido VALUES('PED00005', 1488.15, 267.87, '2012-10-13', '2012-11-05', '10275122881', '20653352521', '10866777658')
INSERT INTO tblPedido VALUES('PED00006', 8261.99, 1487.16, '2016-10-28', '2016-12-10', '10540928055', '20960667853', '10638617671')
INSERT INTO tblPedido VALUES('PED00007', 9113.30, 1640.39, '2012-12-23', '2012-12-30', '10266265410', '20784532987', '10698271393')
INSERT INTO tblPedido VALUES('PED00008', 22000.00, 3960.00, '2015-11-02', '2015-11-17', '10199543231', '20960908037', '10807311064')
INSERT INTO tblPedido VALUES('PED00009', 2886.00, 519.48, '2009-09-17', '2009-10-01', '10878292975', '20345546617', '10371234022')
INSERT INTO tblPedido VALUES('PED00010', 4003.05, 720.55, '2020-05-13', '2020-05-29', '10269123090', '20653352521', '10122355877')

--Detalle Medicamento
INSERT INTO tblDetalleMedicamento VALUES('MED0011', 'PED00001', 10, 153)
INSERT INTO tblDetalleMedicamento VALUES('MED0001', 'PED00001', 95, 9.55)
INSERT INTO tblDetalleMedicamento VALUES('MED0101', 'PED00001', 15, 164.78)
INSERT INTO tblDetalleMedicamento VALUES('MED0091', 'PED00002', 13, 17.55)
INSERT INTO tblDetalleMedicamento VALUES('MED0080', 'PED00002', 7, 89.66)
INSERT INTO tblDetalleMedicamento VALUES('MED0031', 'PED00003', 200, 2.15)
INSERT INTO tblDetalleMedicamento VALUES('MED0008', 'PED00003', 22, 16.33)
INSERT INTO tblDetalleMedicamento VALUES('MED0016', 'PED00003', 20, 20.68)
INSERT INTO tblDetalleMedicamento VALUES('MED0104', 'PED00003', 33, 11.50)
INSERT INTO tblDetalleMedicamento VALUES('MED0055', 'PED00004', 10, 188.35)
INSERT INTO tblDetalleMedicamento VALUES('MED0063', 'PED00005', 111, 2.65)
INSERT INTO tblDetalleMedicamento VALUES('MED0047', 'PED00005', 500, 1.11)
INSERT INTO tblDetalleMedicamento VALUES('MED0089', 'PED00005', 300, 2.13)

--Detalle Equipo
INSERT INTO tblDetalleEquipo VALUES('EQUI0001', 'PED00006', 2, 2355.50)
INSERT INTO tblDetalleEquipo VALUES('EQUI0010', 'PED00006', 1, 3550.99)
INSERT INTO tblDetalleEquipo VALUES('EQUI0005', 'PED00007', 3, 1553.60)
INSERT INTO tblDetalleEquipo VALUES('EQUI0007', 'PED00007', 5, 500.00)
INSERT INTO tblDetalleEquipo VALUES('EQUI0008', 'PED00007', 5, 390.50)
INSERT INTO tblDetalleEquipo VALUES('EQUI0009', 'PED00008', 2, 1000.00)
INSERT INTO tblDetalleEquipo VALUES('EQUI0001', 'PED00008', 8, 2500.80)
INSERT INTO tblDetalleEquipo VALUES('EQUI0006', 'PED00009', 10, 288.60)
INSERT INTO tblDetalleEquipo VALUES('EQUI0003', 'PED00010', 15, 266.87)